id,name,age
1,Shelby,38
2,Phillip,39
3,Kristine,40
4,Yesenia,41
5,Lori,42
6,Erin,1
7,Katherine,2
8,Ricardo,3
9,Dave,4
10,Isaiah,5
11,Sheila,6
12,Stacy,7
13,Mandy,8
14,Bridget,9
15,Crystal,10
16,Thomas,11
17,Maurice,12
18,Frank,13
19,Alvin,14
20,Jared,15
21,Jacqueline,16
22,Colleen,17
23,Randy,18
24,Janice,19
25,Alfred,20
26,Sean,21
27,Louis,22
28,Brittney,23
29,Judy,24
30,Norman,25
31,Isaiah,26
32,Jacqueline,27
33,Bonnie,28
34,Brandon,29
35,Jackson,30
36,Melody,31
37,Leonard,32
38,Gene,33
39,Cynthia,34
40,Tanya,35
41,Matthew,36
42,Kirk,37
43,Willie,38
44,Miguel,39
45,Darren,40
46,Haley,41
47,Danielle,42
48,Becky,43
49,Caitlyn,44
50,Joshua,45
51,Heidi,46
52,Brian,47
53,Beverly,48
54,Nathaniel,49
55,Debra,50
56,Mackenzie,51
57,Courtney,52
58,Fred,53
59,Ryan,54
60,Grace,55
61,Shari,56
62,Kelli,57
63,Jackie,58
64,Leslie,59
65,Harold,60
66,Larry,61
67,Mike,62
68,Brittney,63
69,Frank,64
70,Sandra,65
71,Ryan,66
72,Tamara,67
73,Jean,68
74,Veronica,69
75,Kim,70
76,Tina,71
77,Jonathon,72
78,Jermaine,73
79,Regina,74
80,Terrence,75
81,Tyler,76
82,Andrew,77
83,Reginald,78
84,Douglas,79
85,Helen,80
86,Mario,81
87,Chelsea,82
88,Dustin,83
89,Harry,84
90,Kathy,85
91,Alison,86
92,Jamie,87
93,Melody,88
94,Xavier,89
95,Dillon,90
96,Dennis,91
97,Steve,92
98,Wesley,93
99,Summer,94
100,Mariah,95
